{
  "dataList": [
    {
      "id": 1060601,
      "levelList": [
        {
          "level": 1,
          "name": "能源循环",
          "desc": "[WhenUse] 使自身获得2层充能 ",
          "coinlist": [
            {
              "coindescs": [
                {
                  "desc": "[OnSucceedAttack] 使自身获得1层充能 "
                }
              ]
            },
            {
              "coindescs": [
                {
                  "desc": "[OnSucceedAttack] 使自身获得1层充能 "
                }
              ]
            }
          ]
        },
        {
          "level": 2,
          "name": "能源循环",
          "desc": "[WhenUse] 使自身获得3层充能 ",
          "coinlist": [
            {
              "coindescs": [
                {
                  "desc": "[OnSucceedAttack] 使自身获得1层充能 "
                }
              ]
            },
            {
              "coindescs": [
                {
                  "desc": "[OnSucceedAttack] 使自身获得1层充能 "
                }
              ]
            }
          ]
        },
        {
          "level": 4,
          "name": "能源循环",
          "desc": "[WhenUse] 使自身获得4层充能 ",
          "coinlist": [
            {
              "coindescs": [
                {
                  "desc": "[OnSucceedAttack] 使自身获得1层充能 "
                }
              ]
            },
            {
              "coindescs": [
                {
                  "desc": "[OnSucceedAttack] 使自身获得1层充能 "
                }
              ]
            }
          ]
        }
      ]
    },
    {
      "id": 1060602,
      "levelList": [
        {
          "level": 1,
          "name": "清扫支援",
          "desc": "[WhenUse] 使自身获得2层充能 \n若自身带有护盾，则使本技能的拼点威力+1",
          "coinlist": [
            {},
            {
              "coindescs": [
                {
                  "desc": "[OnSucceedAttackHead] 若自身的充能 层数不低于10层，则下回合使自身获得2层充能力场 "
                }
              ]
            }
          ]
        },
        {
          "level": 2,
          "name": "清扫支援",
          "desc": "[WhenUse] 使自身获得3层充能 \n若自身带有护盾，则使本技能的拼点威力+2",
          "coinlist": [
            {
              "coindescs": [
                {
                  "desc": "[OnSucceedAttack] 使自身获得3层充能 "
                }
              ]
            },
            {
              "coindescs": [
                {
                  "desc": "[OnSucceedAttack] 若自身的充能 层数不低于10层，则下回合使自身获得2层充能力场 "
                }
              ]
            }
          ]
        },
        {
          "level": 4,
          "name": "清扫支援",
          "desc": "[WhenUse] 使自身获得3层充能 \n若自身带有护盾，则使本技能的拼点威力+2",
          "coinlist": [
            {
              "coindescs": [
                {
                  "desc": "[OnSucceedAttack] 使自身获得3层充能 "
                }
              ]
            },
            {
              "coindescs": [
                {
                  "desc": "[OnSucceedAttack] 若自身的充能 层数不低于5层，则自身每带有5层充能 ，下回合使自身获得1层充能力场 (最多获得4层)"
                }
              ]
            }
          ]
        }
      ]
    },
    {
      "id": 1060603,
      "levelList": [
        {
          "level": 3,
          "name": "充能力场展开",
          "desc": "[WhenUse] 若自身的充能 层数不低于10层，则消耗所有充能 层数并使现存体力比例最低的2名友方单位获得 (消耗充能 层数/2)层充能力场 (向下取整)",
          "coinlist": [
            {},
            {},
            {
              "coindescs": [
                {
                  "desc": "[OnSucceedAttack] 使目标增加3级破裂 强度"
                },
                {
                  "desc": "[OnSucceedAttack] 下回合使自身获得2层充能力场 "
                }
              ]
            }
          ]
        },
        {
          "level": 4,
          "name": "充能力场展开",
          "desc": "[WhenUse] 若自身的充能 层数不低于10层，则消耗所有充能 层数并使现存体力比例最低的2名友方单位获得 (消耗充能 层数/2)层充能力场 (向下取整)",
          "coinlist": [
            {},
            {},
            {
              "coindescs": [
                {
                  "desc": "[OnSucceedAttack] 使目标增加5级破裂 强度"
                },
                {
                  "desc": "[OnSucceedAttack] 下回合使自身获得2层充能力场 "
                }
              ]
            }
          ]
        }
      ]
    },
    {
      "id": 1060604,
      "levelList": [
        {
          "level": 1,
          "name": "防御",
          "desc": "[WhenUse] 使自身获得2层充能力场 (每回合最多3次)",
          "coinlist": [
            {}
          ]
        },
        {
          "level": 4,
          "name": "防御",
          "desc": "[WhenUse] 使自身获得3层充能力场 (每回合最多3次)",
          "coinlist": [
            {}
          ]
        }
      ]
    },
    {
      "id": 1060701,
      "levelList": [
        {
          "level": 1,
          "name": "潜步追踪",
          "desc": "",
          "coinlist": [
            {},
            {
              "coindescs": [
                {
                  "desc": "[OnSucceedAttackHead] 使目标增加1级流血 强度"
                },
                {
                  "desc": "[OnSucceedAttackHead] 对目标施加1层流血 "
                }
              ]
            }
          ]
        },
        {
          "level": 2,
          "name": "潜步追踪",
          "desc": "",
          "coinlist": [
            {},
            {
              "coindescs": [
                {
                  "desc": "[OnSucceedAttack] 使目标增加1级流血 强度"
                },
                {
                  "desc": "[OnSucceedAttackHead] 对目标施加1层流血 "
                }
              ]
            }
          ]
        },
        {
          "level": 4,
          "name": "潜步追踪",
          "desc": "若自身的迅捷 层数不低于2层，则使本技能的最终威力+1",
          "coinlist": [
            {},
            {
              "coindescs": [
                {
                  "desc": "[OnSucceedAttack] 使目标增加1级流血 强度"
                },
                {
                  "desc": "[OnSucceedAttackHead] 对目标施加1层流血 "
                }
              ]
            }
          ]
        }
      ]
    },
    {
      "id": 1060702,
      "levelList": [
        {
          "level": 1,
          "name": "先行一步",
          "desc": "[WhenUse] 下回合使自身获得1层迅捷 ",
          "coinlist": [
            {
              "coindescs": [
                {
                  "desc": "[OnSucceedAttackHead] 使目标增加1级流血 强度"
                }
              ]
            },
            {
              "coindescs": [
                {
                  "desc": "[OnSucceedAttackHead] 使目标增加1级流血 强度"
                }
              ]
            },
            {
              "coindescs": [
                {
                  "desc": "[OnSucceedAttack] 若自身的速度值高于目标，则根据速度值之差，对目标施加相应层数的流血 (最多2层)"
                }
              ]
            }
          ]
        },
        {
          "level": 2,
          "name": "先行一步",
          "desc": "[WhenUse] 下回合使自身获得2层迅捷 ",
          "coinlist": [
            {
              "coindescs": [
                {
                  "desc": "[OnSucceedAttackHead] 使目标增加1级流血 强度"
                }
              ]
            },
            {
              "coindescs": [
                {
                  "desc": "[OnSucceedAttackHead] 使目标增加1级流血 强度"
                }
              ]
            },
            {
              "coindescs": [
                {
                  "desc": "[OnSucceedAttack] 若自身的速度值高于目标，则根据速度值之差，对目标施加相应层数的流血 (最多3层)"
                }
              ]
            }
          ]
        },
        {
          "level": 4,
          "name": "先行一步",
          "desc": "若自身的速度值不低于6，则使本技能的硬币威力+1\n[WhenUse] 下回合使自身获得2层迅捷 ",
          "coinlist": [
            {
              "coindescs": [
                {
                  "desc": "[OnSucceedAttackHead] 使目标增加1级流血 强度"
                }
              ]
            },
            {
              "coindescs": [
                {
                  "desc": "[OnSucceedAttackHead] 使目标增加1级流血 强度"
                }
              ]
            },
            {
              "coindescs": [
                {
                  "desc": "[OnSucceedAttack] 若自身的速度值高于目标，则根据速度值之差，对目标施加相应层数的流血 (最多4层)"
                }
              ]
            }
          ]
        }
      ]
    },
    {
      "id": 1060703,
      "levelList": [
        {
          "level": 3,
          "name": "丧心病狂",
          "desc": "若自身的速度值不低于8，则使本技能的硬币威力+1\n根据目标已失去体力，相应增加本技能造成的伤害(每失去体力上限1%的体力，造成的伤害+0.3%)",
          "coinlist": [
            {
              "coindescs": [
                {
                  "desc": "[OnSucceedAttackHead] 目标每带有1级流血 强度，使自身恢复1点理智值(最多5点)"
                }
              ]
            },
            {},
            {
              "coindescs": [
                {
                  "desc": "[OnSucceedAttackHead] 使目标增加1级流血 强度"
                }
              ]
            },
            {
              "coindescs": [
                {
                  "desc": "[OnSucceedAttackHead] 使目标增加2级流血 强度"
                }
              ]
            }
          ]
        },
        {
          "level": 4,
          "name": "丧心病狂",
          "desc": "若自身的速度值不低于6，则使本技能的硬币威力+1\n根据目标已失去体力，相应增加本技能造成的伤害(每失去体力上限1%的体力，造成的伤害+0.5%)",
          "coinlist": [
            {
              "coindescs": [
                {
                  "desc": "[OnSucceedAttackHead] 目标每带有1级流血 强度，使自身恢复1点理智值(最多10点)"
                }
              ]
            },
            {},
            {
              "coindescs": [
                {
                  "desc": "[OnSucceedAttack] 使目标增加1级流血 强度"
                }
              ]
            },
            {
              "coindescs": [
                {
                  "desc": "[OnSucceedAttack] 使目标增加2级流血 强度"
                }
              ]
            }
          ]
        }
      ]
    },
    {
      "id": 1060704,
      "levelList": [
        {
          "level": 1,
          "name": "闪电神经",
          "desc": "[OnSucceedEvade] 下回合使自身获得1层迅捷 (每回合最多3次)",
          "coinlist": [
            {}
          ]
        },
        {
          "level": 4,
          "name": "闪电神经",
          "desc": "若目标的流血 强度不低于7级，则使本技能的硬币威力+2\n[OnSucceedEvade] 下回合使自身获得1层迅捷 (每回合最多3次)",
          "coinlist": [
            {}
          ]
        }
      ]
    },
    {
      "id": 1060801,
      "levelList": [
        {
          "level": 1,
          "name": "知识消耗",
          "desc": "[WhenUse] 丢弃 自身所有行动槽中级别最高的1个技能",
          "coinlist": [
            {
              "coindescs": [
                {
                  "desc": "[OnSucceedAttackHead] 对目标施加1层沉沦 "
                }
              ]
            }
          ]
        },
        {
          "level": 2,
          "name": "知识消耗",
          "desc": "[WhenUse] 丢弃 自身所有行动槽中级别最高的1个技能\n[WhenUse] 若自身的所解真知 层数不低于3层，则使本技能的拼点威力+1",
          "coinlist": [
            {
              "coindescs": [
                {
                  "desc": "[OnSucceedAttackHead] 对目标施加1层沉沦 "
                },
                {
                  "desc": "[OnSucceedAttack] 若自身的所解真知 层数不低于3层，则重复使用本硬币1次"
                }
              ]
            }
          ]
        },
        {
          "level": 4,
          "name": "知识消耗",
          "desc": "[WhenUse] 丢弃 自身所有行动槽中级别最高的1个技能\n[WhenUse] 使本技能的拼点威力+(自身的所解真知 层数-1)",
          "coinlist": [
            {
              "coindescs": [
                {
                  "desc": "[OnSucceedAttackHead] 对目标施加1层沉沦 "
                },
                {
                  "desc": "[OnSucceedAttack] 重复使用本硬币(自身的所解真知 层数-1)次"
                }
              ]
            }
          ]
        }
      ]
    },
    {
      "id": 1060802,
      "levelList": [
        {
          "level": 1,
          "name": "入匙解封",
          "desc": "[WhenUse] 按技能级别由低到高随机丢弃 自身所有行动槽中的2个技能",
          "coinlist": [
            {},
            {},
            {
              "coindescs": [
                {
                  "desc": "[OnSucceedAttackHead] 使目标增加3级沉沦 强度"
                }
              ]
            }
          ]
        },
        {
          "level": 2,
          "name": "入匙解封",
          "desc": "[WhenUse] 按技能级别由低到高随机丢弃 自身所有行动槽中的2个技能\n[WhenUse] 若自身的所解真知 层数不低于3层，则使本技能的硬币威力+1",
          "coinlist": [
            {},
            {},
            {
              "coindescs": [
                {
                  "desc": "[OnSucceedAttack] 使目标增加3级沉沦 强度"
                }
              ]
            }
          ]
        },
        {
          "level": 4,
          "name": "入匙解封",
          "desc": "[WhenUse] 按技能级别由低到高随机丢弃 自身所有行动槽中的2个技能\n[WhenUse] 使本技能的硬币威力+(自身的所解真知 层数-1)",
          "coinlist": [
            {},
            {},
            {
              "coindescs": [
                {
                  "desc": "[OnSucceedAttack] 使目标增加4级沉沦 强度"
                }
              ]
            }
          ]
        }
      ]
    },
    {
      "id": 1060803,
      "levelList": [
        {
          "level": 3,
          "name": "循环的知识",
          "desc": "[WhenUse] 若自身的所解真知 层数不低于2层，则使本技能的硬币威力+(自身的所解真知 层数)\n[WhenUse] 目标每带有1级沉沦 强度，使本技能造成的伤害+1.5%(最多+15%)",
          "coinlist": [
            {},
            {},
            {
              "coindescs": [
                {
                  "desc": "[OnSucceedAttack] 对目标施加3层沉沦 "
                },
                {
                  "desc": "[EndSkill] 若目标陷入混乱或击杀目标，则使自身恢复10点理智值"
                }
              ]
            }
          ]
        },
        {
          "level": 4,
          "name": "循环的知识",
          "desc": "[WhenUse] 若自身的所解真知 层数不低于2层，则使本技能的硬币威力+(自身的所解真知 层数)\n[WhenUse] 目标每带有1级沉沦 强度，使本技能造成的伤害+3%(最多+30%)",
          "coinlist": [
            {},
            {},
            {
              "coindescs": [
                {
                  "desc": "[OnSucceedAttack] 对目标施加4层沉沦 "
                },
                {
                  "desc": "[EndSkill] 若目标陷入混乱或击杀目标，则使自身恢复10点理智值"
                }
              ]
            }
          ]
        }
      ]
    },
    {
      "id": 1060804,
      "levelList": [
        {
          "level": 1,
          "name": "引导步伐",
          "desc": "[WhenUse] 按技能级别由低到高随机丢弃 自身所有行动槽中的2个技能",
          "coinlist": [
            {}
          ]
        },
        {
          "level": 4,
          "name": "引导步伐",
          "desc": "[WhenUse] 按技能级别由低到高随机丢弃 自身所有行动槽中的2个技能",
          "coinlist": [
            {}
          ]
        }
      ]
    },
    {
      "id": 1060901,
      "levelList": [
        {
          "level": 1,
          "name": "推理开始",
          "desc": "[WhenUse] 对自身施加2层震颤 ",
          "coinlist": [
            {
              "coindescs": [
                {
                  "desc": "[OnSucceedAttackHead] 使目标增加2级震颤 强度"
                }
              ]
            },
            {
              "coindescs": [
                {
                  "desc": "[OnSucceedAttackHead] 对自身施加2层震颤 "
                }
              ]
            }
          ]
        },
        {
          "level": 2,
          "name": "推理开始",
          "desc": "[WhenUse] 对自身施加2层震颤 ",
          "coinlist": [
            {
              "coindescs": [
                {
                  "desc": "[OnSucceedAttack] 使目标增加2级震颤 强度"
                }
              ]
            },
            {
              "coindescs": [
                {
                  "desc": "[OnSucceedAttack] 对自身施加2层震颤 "
                }
              ]
            }
          ]
        },
        {
          "level": 4,
          "name": "推理开始",
          "desc": "[WhenUse] 对自身施加2层震颤 \n若自身的震颤 层数不低于6层，则使本技能的硬币威力+1",
          "coinlist": [
            {
              "coindescs": [
                {
                  "desc": "[OnSucceedAttack] 使目标增加2级震颤 强度"
                }
              ]
            },
            {
              "coindescs": [
                {
                  "desc": "[OnSucceedAttack] 对自身施加2层震颤 "
                }
              ]
            }
          ]
        }
      ]
    },
    {
      "id": 1060902,
      "levelList": [
        {
          "level": 1,
          "name": "变形拐杖防身术",
          "desc": "[WhenUse] 对自身施加3层震颤 ",
          "coinlist": [
            {
              "coindescs": [
                {
                  "desc": "[OnSucceedAttack] 对自身施加3层震颤 "
                }
              ]
            },
            {
              "coindescs": [
                {
                  "desc": "[OnSucceedAttack] 使目标增加2级震颤 强度"
                }
              ]
            },
            {
              "coindescs": [
                {
                  "desc": "[OnSucceedAttack] 若目标的震颤 强度不低于9级，则使其震颤引爆 ，并使其震颤 层数减少1层"
                }
              ]
            }
          ]
        },
        {
          "level": 2,
          "name": "变形拐杖防身术",
          "desc": "[WhenUse] 若目标的震颤 强度不低于8级，则使本技能的拼点威力+1\n[WhenUse] 对自身施加3层震颤 \n若自身的震颤 层数不低于6层，则使本技能的硬币威力+1",
          "coinlist": [
            {
              "coindescs": [
                {
                  "desc": "[OnSucceedAttack] 对自身施加3层震颤 "
                }
              ]
            },
            {
              "coindescs": [
                {
                  "desc": "[OnSucceedAttack] 使目标增加3级震颤 强度"
                }
              ]
            },
            {
              "coindescs": [
                {
                  "desc": "[OnSucceedAttack] 若目标的震颤 强度不低于7级，则使其震颤引爆 ，并使其震颤 层数减少1层"
                }
              ]
            }
          ]
        },
        {
          "level": 4,
          "name": "变形拐杖防身术",
          "desc": "[WhenUse] 若目标的震颤 强度不低于6级，则使本技能的拼点威力+1\n[WhenUse] 对自身施加3层震颤 \n若自身的震颤 层数不低于5层，则使本技能的硬币威力+1",
          "coinlist": [
            {
              "coindescs": [
                {
                  "desc": "[OnSucceedAttack] 对自身施加3层震颤 "
                }
              ]
            },
            {
              "coindescs": [
                {
                  "desc": "[OnSucceedAttack] 使目标增加3级震颤 强度"
                }
              ]
            },
            {
              "coindescs": [
                {
                  "desc": "[OnSucceedAttack] 若目标的震颤 强度不低于6级，则使其震颤引爆 ，并使其震颤 层数减少1层"
                }
              ]
            }
          ]
        }
      ]
    },
    {
      "id": 1060903,
      "levelList": [
        {
          "level": 3,
          "name": "犯人就是你！",
          "desc": "[WhenUse] 若目标的震颤 强度不低于6级，则使本技能的拼点威力+1\n[WhenUse] 消耗自身的10层震颤 并使本技能的硬币威力+2",
          "coinlist": [
            {
              "coindescs": [
                {
                  "desc": "[OnSucceedAttack] 若本技能使用时消耗了震颤 层数，则使目标以震颤-回响 振幅纠缠 "
                }
              ]
            },
            {
              "coindescs": [
                {
                  "desc": "[OnSucceedAttack] 使目标震颤引爆 ，并使其震颤 层数减少1层"
                }
              ]
            },
            {},
            {
              "coindescs": [
                {
                  "desc": "[OnSucceedAttack] 使目标震颤引爆 ，并使其震颤 层数减少1层\n- 若自身使用技能时未消耗震颤 层数，则以上效果生效后使自身震颤引爆 "
                }
              ]
            }
          ]
        },
        {
          "level": 4,
          "name": "犯人就是你！",
          "desc": "[WhenUse] 目标每带有6级震颤 强度，使本技能的拼点威力+1(最多+2)\n[WhenUse] 若自身的震颤 层数低于15层，则消耗10层震颤 并使本技能的硬币威力+2\n[WhenUse] 消耗自身的15层震颤 并使本技能的硬币威力+3",
          "coinlist": [
            {
              "coindescs": [
                {
                  "desc": "[OnSucceedAttack] 若本技能使用时消耗了震颤 层数，则使目标以震颤-回响 振幅纠缠 "
                }
              ]
            },
            {
              "coindescs": [
                {
                  "desc": "[OnSucceedAttack] 使目标震颤引爆 ，并使其震颤 层数减少1层"
                }
              ]
            },
            {
              "coindescs": [
                {
                  "desc": "[OnSucceedAttack] 若本技能使用时消耗了不低于10层震颤 ，则使目标震颤引爆 ，并使其震颤 层数减少1层"
                }
              ]
            },
            {
              "coindescs": [
                {
                  "desc": "[OnSucceedAttack] 若本技能使用时消耗了不低于10层震颤 ，则使目标震颤引爆 ，并使其震颤 层数减少1层\n- 若自身消耗的震颤 层数低于15层，则以上效果生效后使自身震颤引爆 "
                }
              ]
            }
          ]
        }
      ]
    },
    {
      "id": 1060904,
      "levelList": [
        {
          "level": 1,
          "name": "等一下？！",
          "desc": "[WhenUse] 使自身获得(2×目标的震颤 层数)点护盾体力(最多7点)",
          "coinlist": [
            {}
          ]
        },
        {
          "level": 4,
          "name": "等一下？！",
          "desc": "[WhenUse] 使自身获得(2×目标的震颤 层数)点护盾体力(最多13点)",
          "coinlist": [
            {}
          ]
        }
      ]
    },
    {
      "id": 1061001,
      "levelList": [
        {
          "level": 1,
          "name": "猛砸",
          "desc": "",
          "coinlist": [
            {
              "coindescs": [
                {
                  "desc": "[OnSucceedAttack] 使目标增加1级破裂 强度"
                }
              ]
            },
            {
              "coindescs": [
                {
                  "desc": ""
                }
              ]
            }
          ]
        },
        {
          "level": 2,
          "name": "猛砸",
          "desc": "若目标的破裂 强度不低于6级，则使本技能的硬币威力+1",
          "coinlist": [
            {
              "coindescs": [
                {
                  "desc": "[OnSucceedAttack] 使目标增加1级破裂 强度"
                }
              ]
            },
            {
              "coindescs": [
                {
                  "desc": "[OnSucceedAttack] 使目标增加1级破裂 强度"
                }
              ]
            }
          ]
        },
        {
          "level": 4,
          "name": "猛砸",
          "desc": "若目标的破裂 强度不低于6级，则使本技能的硬币威力+1",
          "coinlist": [
            {
              "coindescs": [
                {
                  "desc": "[OnSucceedAttack] 使目标增加1级破裂 强度"
                },
                {
                  "desc": "[OnSucceedAttackHead] 使目标增加1级破裂 强度"
                }
              ]
            },
            {
              "coindescs": [
                {
                  "desc": "[OnSucceedAttack] 使目标增加1级破裂 强度"
                },
                {
                  "desc": "[OnSucceedAttackHead] 使目标增加1级破裂 强度"
                }
              ]
            }
          ]
        }
      ]
    },
    {
      "id": 1061002,
      "levelList": [
        {
          "level": 1,
          "name": "碎骨机",
          "desc": "",
          "coinlist": [
            {
              "coindescs": [
                {
                  "desc": ""
                }
              ]
            },
            {
              "coindescs": [
                {
                  "desc": "[OnSucceedAttack] 使目标增加2级破裂 强度"
                }
              ]
            }
          ]
        },
        {
          "level": 2,
          "name": "碎骨机",
          "desc": "[WhenUse] 若目标的破裂 强度不低于15级且破裂 层数不低于3层，则本技能不会增加破裂 强度或施加破裂 层数，而改为使本技能的硬币威力+1\n[WinDuel] 对目标施加1层破裂 ",
          "coinlist": [
            {
              "coindescs": [
                {
                  "desc": "[OnSucceedAttack] 对目标施加1层破裂 "
                }
              ]
            },
            {
              "coindescs": [
                {
                  "desc": "[OnSucceedAttack] 使目标增加2级破裂 强度"
                },
                {
                  "desc": "[OnSucceedAttack] 下回合对目标施加1层体力恢复降低 "
                }
              ]
            }
          ]
        },
        {
          "level": 4,
          "name": "碎骨机",
          "desc": "若目标的破裂 强度不低于6级，则使本技能的硬币威力+1\n[WhenUse] 若目标的破裂 强度不低于15级且破裂 层数不低于3层，则本技能不会增加破裂 强度或施加破裂 层数，而改为使本技能的硬币威力+1\n- 若目标属于<血魔>或<血袋>，则使本技能的硬币威力额外+1\n[WinDuel] 对目标施加1层破裂 ",
          "coinlist": [
            {
              "coindescs": [
                {
                  "desc": "[OnSucceedAttack] 对目标施加1层破裂 "
                },
                {
                  "desc": "[OnSucceedAttackHead] 对目标施加1层破裂 "
                }
              ]
            },
            {
              "coindescs": [
                {
                  "desc": "[OnSucceedAttack] 使目标增加2级破裂 强度"
                },
                {
                  "desc": "[OnSucceedAttack] 下回合对目标施加2层体力恢复降低 "
                }
              ]
            }
          ]
        }
      ]
    },
    {
      "id": 1061003,
      "levelList": [
        {
          "level": 3,
          "name": "清爽结束狩猎",
          "desc": "[WhenUse] 若目标的破裂 强度不低于15级且破裂 层数不低于3层，则本技能不会增加破裂 强度或施加破裂 层数，而改为使本技能的硬币威力+1\n[WinDuel] 对目标施加1层破裂 ",
          "coinlist": [
            {
              "coindescs": [
                {
                  "desc": "[OnSucceedAttackHead] 使目标增加1级破裂 强度"
                }
              ]
            },
            {
              "coindescs": [
                {
                  "desc": "[OnSucceedAttackHead] 使目标增加2级破裂 强度"
                }
              ]
            },
            {}
          ]
        },
        {
          "level": 4,
          "name": "清爽结束狩猎",
          "desc": "若目标的破裂 强度不低于6级，则使本技能的硬币威力+1\n[WhenUse] 若目标的破裂 强度不低于15级且破裂 层数不低于3层，则本技能不会增加破裂 强度或施加破裂 层数，而改为使本技能的硬币威力+1\n- 若目标属于<血魔>或<血袋>，则使本技能的硬币威力额外+1\n[WinDuel] 对目标施加2层破裂 ",
          "coinlist": [
            {
              "coindescs": [
                {
                  "desc": "[OnSucceedAttackHead] 使目标增加1级破裂 强度"
                }
              ]
            },
            {
              "coindescs": [
                {
                  "desc": "[OnSucceedAttackHead] 使目标增加2级破裂 强度"
                }
              ]
            },
            {
              "coindescs": [
                {
                  "desc": "[OnSucceedAttack] 若目标的破裂 强度不低于15级，或目标现存体力不高于30%，则重复使用本硬币(每个技能最多1次)"
                }
              ]
            }
          ]
        }
      ]
    },
    {
      "id": 1061004,
      "levelList": [
        {
          "level": 1,
          "name": "紧急止血",
          "desc": "",
          "coinlist": [
            {
              "coindescs": [
                {
                  "desc": ""
                }
              ]
            }
          ]
        },
        {
          "level": 4,
          "name": "紧急止血",
          "desc": "[StartBattle] 使自身的流血 强度减少2级(每回合最多3次，若流血 强度降至0级或以下，则解除流血 )",
          "coinlist": [
            {
              "coindescs": [
                {
                  "desc": ""
                }
              ]
            }
          ]
        }
      ]
    },
    {
      "id": 1061101,
      "levelList": [
        {
          "level": 1,
          "name": "火力压制",
          "desc": "[WhenUse] 使自身获得2层呼吸法 ",
          "coinlist": [
            {
              "coindescs": [
                {
                  "desc": "消耗1发弹药 "
                }
              ]
            },
            {
              "coindescs": [
                {
                  "desc": "消耗1发弹药 "
                },
                {
                  "desc": "[OnSucceedAttack] 使自身增加1级呼吸法 强度"
                }
              ]
            },
            {
              "coindescs": [
                {
                  "desc": "消耗1发弹药 "
                },
                {
                  "desc": "[OnSucceedAttack] 使自身增加1级呼吸法 强度"
                }
              ]
            }
          ]
        },
        {
          "level": 2,
          "name": "火力压制",
          "desc": "[WhenUse] 使自身获得2层呼吸法 ",
          "coinlist": [
            {
              "coindescs": [
                {
                  "desc": "消耗1发弹药 "
                }
              ]
            },
            {
              "coindescs": [
                {
                  "desc": "消耗1发弹药 "
                },
                {
                  "desc": "[OnSucceedAttack] 使自身增加2级呼吸法 强度"
                }
              ]
            },
            {
              "coindescs": [
                {
                  "desc": "消耗1发弹药 "
                },
                {
                  "desc": "[OnSucceedAttack] 使自身增加2级呼吸法 强度"
                }
              ]
            }
          ]
        },
        {
          "level": 4,
          "name": "火力压制",
          "desc": "[WhenUse] 使自身获得3层呼吸法 ",
          "coinlist": [
            {
              "coindescs": [
                {
                  "desc": "消耗1发弹药 "
                }
              ]
            },
            {
              "coindescs": [
                {
                  "desc": "消耗1发弹药 "
                },
                {
                  "desc": "[OnSucceedAttack] 使自身增加2级呼吸法 强度"
                }
              ]
            },
            {
              "coindescs": [
                {
                  "desc": "消耗1发弹药 "
                },
                {
                  "desc": "[OnSucceedAttack] 使自身增加2级呼吸法 强度"
                }
              ]
            }
          ]
        }
      ]
    },
    {
      "id": 1061102,
      "levelList": [
        {
          "level": 1,
          "name": "标记目标",
          "desc": "本技能每将消耗1发弹药 ，使本技能的基础威力+1\n[WhenUse] 若句点事务所 收尾人 希斯克利夫在场，则以(最大共鸣数×20)%的概率激活[CoveringFire]\n[WhenUse] 使自身获得1层呼吸法 ",
          "coinlist": [
            {
              "coindescs": [
                {
                  "desc": "[OnSucceedAttack] 使自身增加2级呼吸法 强度"
                }
              ]
            },
            {
              "coindescs": [
                {
                  "desc": "消耗至多3发弹药 "
                },
                {
                  "desc": "使本硬币造成的伤害+(消耗的弹药 数×10)%"
                }
              ]
            },
            {
              "coindescs": [
                {
                  "desc": "[OnSucceedAttack] 下回合对目标施加1层虚弱 "
                }
              ]
            }
          ]
        },
        {
          "level": 2,
          "name": "标记目标",
          "desc": "本技能每将消耗1发弹药 ，使本技能的基础威力+1\n[WhenUse] 若句点事务所 收尾人 希斯克利夫在场，则以(最大共鸣数×20)%的概率激活[CoveringFire]\n[WhenUse] 使自身获得2层呼吸法 ",
          "coinlist": [
            {
              "coindescs": [
                {
                  "desc": "[OnSucceedAttack] 使自身增加2级呼吸法 强度"
                }
              ]
            },
            {
              "coindescs": [
                {
                  "desc": "消耗至多3发弹药 "
                },
                {
                  "desc": "使本硬币造成的伤害+(消耗的弹药 数×10)%"
                }
              ]
            },
            {
              "coindescs": [
                {
                  "desc": "[OnSucceedAttack] 下回合对目标施加1层束缚 "
                },
                {
                  "desc": "[OnSucceedAttack] 下回合对目标施加1层虚弱 "
                }
              ]
            }
          ]
        },
        {
          "level": 4,
          "name": "标记目标",
          "desc": "本技能每将消耗1发弹药 ，使本技能的基础威力+1\n[WhenUse] 若句点事务所 收尾人 希斯克利夫在场，则以(最大共鸣数×25)%的概率激活[CoveringFire]\n[WhenUse] 使自身获得3层呼吸法 ",
          "coinlist": [
            {
              "coindescs": [
                {
                  "desc": "[OnSucceedAttack] 使自身增加2级呼吸法 强度"
                }
              ]
            },
            {
              "coindescs": [
                {
                  "desc": "消耗至多3发弹药 "
                },
                {
                  "desc": "使本硬币造成的伤害+(消耗的弹药 数×10)%"
                },
                {
                  "desc": "使本硬币暴击时造成的伤害+(消耗的弹药 数×10)%"
                }
              ]
            },
            {
              "coindescs": [
                {
                  "desc": "使本硬币暴击时造成的伤害+20%"
                },
                {
                  "desc": "[OnSucceedAttack] 下回合对目标施加1层束缚 "
                },
                {
                  "desc": "[OnSucceedAttack] 下回合对目标施加1层虚弱 "
                }
              ]
            }
          ]
        }
      ]
    },
    {
      "id": 1061103,
      "levelList": [
        {
          "level": 3,
          "name": "命之句点",
          "desc": "本技能每将消耗1发弹药 ，使本技能的基础威力+1\n[WhenUse] 若句点事务所 收尾人 希斯克利夫在场，则激活[CoveringFire]\n[WhenUse] 使自身增加5级呼吸法 强度",
          "coinlist": [
            {
              "coindescs": [
                {
                  "desc": "消耗1发弹药 "
                },
                {
                  "desc": "使本硬币造成的伤害+(消耗的弹药 数×10)%"
                },
                {
                  "desc": "[OnSucceedAttack] 使目标的混乱阈值前移本硬币伤害量的10%"
                }
              ]
            },
            {
              "coindescs": [
                {
                  "desc": "消耗至多2发弹药 "
                },
                {
                  "desc": "使本硬币造成的伤害+(消耗的弹药 数×10)%"
                },
                {
                  "desc": "[OnSucceedAttack] 使目标的混乱阈值前移本硬币伤害量的10%"
                }
              ]
            },
            {
              "coindescs": [
                {
                  "desc": "若目标陷入混乱，则使本硬币暴击时造成的伤害+30%"
                },
                {
                  "desc": "[OnSucceedAttack] 下回合对目标施加1层束缚 "
                },
                {
                  "desc": "[OnSucceedAttack] 对目标施加1层突刺易损 "
                }
              ]
            }
          ]
        },
        {
          "level": 4,
          "name": "命之句点",
          "desc": "本技能每将消耗1发弹药 ，使本技能的基础威力+1\n[WhenUse] 若句点事务所 收尾人 希斯克利夫在场，则激活[CoveringFire]\n[WhenUse] 使自身增加5级呼吸法 强度\n[WinDuel] 使自身获得2层呼吸法 ",
          "coinlist": [
            {
              "coindescs": [
                {
                  "desc": "消耗1发弹药 "
                },
                {
                  "desc": "使本硬币造成的伤害+(消耗的弹药 数×15)%"
                },
                {
                  "desc": "[OnSucceedAttack] 使目标的混乱阈值前移本硬币伤害量的15%"
                }
              ]
            },
            {
              "coindescs": [
                {
                  "desc": "消耗至多2发弹药 "
                },
                {
                  "desc": "使本硬币造成的伤害+(消耗的弹药 数×15)%"
                },
                {
                  "desc": "[OnSucceedAttack] 使目标的混乱阈值前移本硬币伤害量的15%"
                }
              ]
            },
            {
              "coindescs": [
                {
                  "desc": "若目标陷入混乱，则使本硬币暴击时造成的伤害+30%"
                },
                {
                  "desc": "[OnSucceedAttack] 下回合对目标施加2层束缚 "
                },
                {
                  "desc": "[OnSucceedAttack] 对目标施加2层突刺易损 "
                }
              ]
            }
          ]
        }
      ]
    },
    {
      "id": 1061104,
      "levelList": [
        {
          "level": 1,
          "name": "战斗呼吸",
          "desc": "回合开始时，若自身的弹药 数为0，则改为使用“影之彼端”\n[OnSucceedEvade] 使自身增加1级呼吸法 强度(每回合最多3次)",
          "coinlist": [
            {
              "coindescs": [
                {
                  "desc": ""
                }
              ]
            }
          ]
        },
        {
          "level": 4,
          "name": "战斗呼吸",
          "desc": "回合开始时，若自身的弹药 数为0，则改为使用“影之彼端”\n[OnSucceedEvade] 使自身增加1级呼吸法 强度(每回合最多5次)",
          "coinlist": [
            {
              "coindescs": [
                {
                  "desc": ""
                }
              ]
            }
          ]
        }
      ]
    },
    {
      "id": 1061105,
      "levelList": [
        {
          "level": 2,
          "name": "联合：标记目标",
          "desc": "本技能每将消耗1发弹药 ，使本技能的基础威力+1\n[WhenUse] 使自身获得2层呼吸法 \n[DefeatDuel] 使本技能的最终威力+5",
          "coinlist": [
            {
              "coindescs": [
                {
                  "desc": "[OnSucceedAttack] 使自身增加2级呼吸法 强度"
                }
              ]
            },
            {
              "coindescs": [
                {
                  "desc": "消耗至多3发弹药 "
                },
                {
                  "desc": "使本硬币造成的伤害+(消耗的弹药 数×10)%"
                }
              ]
            },
            {
              "coindescs": [
                {
                  "desc": "[OnSucceedAttack] 下回合对目标施加1层束缚 "
                },
                {
                  "desc": "[OnSucceedAttack] 下回合对目标施加1层虚弱 "
                }
              ]
            },
            {
              "coindescs": [
                {
                  "desc": "[SuperCoin]"
                },
                {
                  "desc": "使本硬币暴击时造成的伤害+30%"
                }
              ]
            }
          ]
        },
        {
          "level": 4,
          "name": "联合：标记目标",
          "desc": "本技能每将消耗1发弹药 ，使本技能的基础威力+1\n[WhenUse] 使自身获得3层呼吸法 \n[DefeatDuel] 使本技能的最终威力+5",
          "coinlist": [
            {
              "coindescs": [
                {
                  "desc": "[OnSucceedAttack] 使自身增加2级呼吸法 强度"
                }
              ]
            },
            {
              "coindescs": [
                {
                  "desc": "消耗至多3发弹药 "
                },
                {
                  "desc": "使本硬币造成的伤害+(消耗的弹药 数×10)%"
                },
                {
                  "desc": "使本硬币暴击时造成的伤害+(消耗的弹药 数×10)%"
                }
              ]
            },
            {
              "coindescs": [
                {
                  "desc": "使本硬币暴击时造成的伤害+20%"
                },
                {
                  "desc": "[OnSucceedAttack] 下回合对目标施加1层束缚 "
                },
                {
                  "desc": "[OnSucceedAttack] 下回合对目标施加1层虚弱 "
                }
              ]
            },
            {
              "coindescs": [
                {
                  "desc": "[SuperCoin]"
                },
                {
                  "desc": "使本硬币暴击时造成的伤害+30%"
                }
              ]
            }
          ]
        }
      ]
    },
    {
      "id": 1061106,
      "levelList": [
        {
          "level": 3,
          "name": "联合：命之句点",
          "desc": "本技能每将消耗1发弹药 ，使本技能的基础威力+1\n[WhenUse] 使自身增加5级呼吸法 强度\n[DefeatDuel] 使本技能的最终威力+5",
          "coinlist": [
            {
              "coindescs": [
                {
                  "desc": "消耗1发弹药 "
                },
                {
                  "desc": "使本硬币造成的伤害+(消耗的弹药 数×10)%"
                },
                {
                  "desc": "[OnSucceedAttack] 使目标的混乱阈值前移本硬币伤害量的10%"
                }
              ]
            },
            {
              "coindescs": [
                {
                  "desc": "消耗至多2发弹药 "
                },
                {
                  "desc": "使本硬币造成的伤害+(消耗的弹药 数×10)%"
                },
                {
                  "desc": "[OnSucceedAttack] 使目标的混乱阈值前移本硬币伤害量的10%"
                }
              ]
            },
            {
              "coindescs": [
                {
                  "desc": "若目标陷入混乱，则使本硬币暴击时造成的伤害+30%"
                },
                {
                  "desc": "[OnSucceedAttack] 下回合对目标施加1层束缚 "
                },
                {
                  "desc": "[OnSucceedAttack] 对目标施加1层突刺易损 "
                }
              ]
            },
            {
              "coindescs": [
                {
                  "desc": "[SuperCoin]"
                },
                {
                  "desc": "使本硬币暴击时造成的伤害+30%"
                },
                {
                  "desc": "使本硬币造成的伤害+(目标的突刺抗性×50)%"
                }
              ]
            }
          ]
        },
        {
          "level": 4,
          "name": "联合：命之句点",
          "desc": "本技能每将消耗1发弹药 ，使本技能的基础威力+1\n[WhenUse] 使自身增加5级呼吸法 强度\n[WinDuel] 使自身获得2层呼吸法 \n[DefeatDuel] 使本技能的最终威力+5",
          "coinlist": [
            {
              "coindescs": [
                {
                  "desc": "消耗1发弹药 "
                },
                {
                  "desc": "使本硬币造成的伤害+(消耗的弹药 数×15)%"
                },
                {
                  "desc": "[OnSucceedAttack] 使目标的混乱阈值前移本硬币伤害量的15%"
                }
              ]
            },
            {
              "coindescs": [
                {
                  "desc": "消耗至多2发弹药 "
                },
                {
                  "desc": "使本硬币造成的伤害+(消耗的弹药 数×15)%"
                },
                {
                  "desc": "[OnSucceedAttack] 使目标的混乱阈值前移本硬币伤害量的15%"
                }
              ]
            },
            {
              "coindescs": [
                {
                  "desc": "若目标陷入混乱，则使本硬币暴击时造成的伤害+30%"
                },
                {
                  "desc": "[OnSucceedAttack] 下回合对目标施加2层束缚 "
                },
                {
                  "desc": "[OnSucceedAttack] 对目标施加2层突刺易损 "
                }
              ]
            },
            {
              "coindescs": [
                {
                  "desc": "[SuperCoin]"
                },
                {
                  "desc": "使本硬币暴击时造成的伤害+50%"
                },
                {
                  "desc": "使本硬币造成的伤害+(目标的突刺抗性×50)%"
                }
              ]
            }
          ]
        }
      ]
    },
    {
      "id": 1061107,
      "levelList": [
        {
          "level": 1,
          "name": "影之彼端",
          "desc": "[DuelCounter]\n[WhenUse] 使自身获得2层呼吸法 \n[EndBattle] 使自身[FullReload](每场战斗最多1次)",
          "coinlist": [
            {
              "coindescs": [
                {
                  "desc": "[OnSucceedAttack] 使自身增加1级呼吸法 强度"
                }
              ]
            },
            {
              "coindescs": [
                {
                  "desc": "[OnSucceedAttack] 使自身增加1级呼吸法 强度"
                }
              ]
            }
          ]
        },
        {
          "level": 4,
          "name": "影之彼端",
          "desc": "[DuelCounter]\n使本技能暴击时造成的伤害+20%\n[WhenUse] 使自身获得2层呼吸法 \n[EndBattle] 使自身[FullReload](每场战斗最多1次)",
          "coinlist": [
            {
              "coindescs": [
                {
                  "desc": "[OnSucceedAttack] 使自身增加1级呼吸法 强度"
                }
              ]
            },
            {
              "coindescs": [
                {
                  "desc": "[OnSucceedAttack] 使自身增加1级呼吸法 强度"
                }
              ]
            }
          ]
        }
      ]
    },
    {
      "id": 1061108,
      "levelList": [
        {
          "level": 1,
          "name": "近战支援",
          "desc": "[WhenUse] 使自身获得2层呼吸法 ",
          "coinlist": [
            {
              "coindescs": [
                {
                  "desc": "[OnSucceedAttack] 使自身增加1级呼吸法 强度"
                }
              ]
            },
            {
              "coindescs": [
                {
                  "desc": "[OnSucceedAttack] 使自身增加1级呼吸法 强度"
                }
              ]
            }
          ]
        },
        {
          "level": 4,
          "name": "近战支援",
          "desc": "使本技能暴击时造成的伤害+20%\n[WhenUse] 使自身获得2层呼吸法 ",
          "coinlist": [
            {
              "coindescs": [
                {
                  "desc": "[OnSucceedAttack] 使自身增加1级呼吸法 强度"
                }
              ]
            },
            {
              "coindescs": [
                {
                  "desc": "[OnSucceedAttack] 使自身增加1级呼吸法 强度"
                }
              ]
            }
          ]
        }
      ]
    }
    {
      "id": 1061201,
      "levelList": [
        {
          "level": 1,
          "name": "能量轰击",
          "desc": "At 2+ [Charge], 硬币威力 +1\n[WhenUse]获得 +2 [Charge]层数",
          "coinlist": [
            {},
            {
              "coindescs": [
                {
                  "desc": "[OnSucceedAttack]施加 1 [Sinking]"
                }
              ]
            }
          ]
        },
        {
          "level": 2,
          "name": "能量轰击",
          "desc": "<style=\"highlight\">增加+2% 伤害for every [Charge] (最多10%)</style>\nAt 2+ [Charge], 硬币威力 +1\n[WhenUse]获得 +2 [Charge]层数",
          "coinlist": [
            {
              "coindescs": [
                {
                  "desc": "<style=\"highlight\">[OnSucceedAttack]获得 +([Charge] + 1) [Charge]层数 (最多3)</style>"
                }
              ]
            },
            {
              "coindescs": [
                {
                  "desc": "[OnSucceedAttack]施加 1 [Sinking]<style=\"highlight\"></style>"
                }
              ]
            }
          ]
        },
        {
          "level": 4,
          "name": "能量轰击",
          "desc": "增加<style=\"highlight\">+3%</style> 伤害for every [Charge] (最多<style=\"highlight\">15%</style>)\nAt 2+ [Charge], 硬币威力 +1\n<style=\"highlight\">At 5+ [Charge]层数, 硬币威力 +1</style>\n[WhenUse]获得 +2 [Charge]层数",
          "coinlist": [
            {
              "coindescs": [
                {
                  "desc": "[OnSucceedAttack]获得 +([Charge] + 1) [Charge]层数 (最多<style=\"highlight\">4</style>)"
                }
              ]
            },
            {
              "coindescs": [
                {
                  "desc": "[OnSucceedAttack]施加 1 [Sinking]<style=\"highlight\"></style>"
                }
              ]
            }
          ]
        }
      ]
    },
    {
      "id": 1061202,
      "levelList": [
        {
          "level": 1,
          "name": "精神鞭挞",
          "desc": "[WhenUse] At 5~9 [Charge]层数:\n-获得 15 [Sinking]与 raise this unit's [Charge]层数 to 10\n- This Skill获得s the following attributes: [CantIdentify], [WideAreaRampage],与 Atk Weight +1\n[WhenUse] Consume 10 [Charge]层数 to获得 硬币威力 +1",
          "coinlist": [
            {
              "coindescs": [
                {
                  "desc": "[OnSucceedAttack]施加 1 [Sinking]"
                }
              ]
            },
            {
              "coindescs": [
                {
                  "desc": "[OnSucceedAttack]施加 1 [Sinking]"
                }
              ]
            },
            {
              "coindescs": [
                {
                  "desc": "[OnSucceedAttack]施加 1 [Sinking]"
                }
              ]
            },
            {
              "coindescs": [
                {
                  "desc": "[OnSucceedAttack]施加 +2 [Sinking]层数"
                }
              ]
            }
          ]
        },
        {
          "level": 2,
          "name": "精神鞭挞",
          "desc": "<style=\"highlight\">增加+2% 伤害for every [Charge] (最多10%)</style>\n[WhenUse] At 5~9 [Charge]层数:\n-获得 15 [Sinking]与 raise this unit's [Charge]层数 to 10\n- This Skill获得s the following attributes: [CantIdentify], [WideAreaRampage],与 Atk Weight +1\n[WhenUse] Consume 10 [Charge]层数 to获得 硬币威力 +1",
          "coinlist": [
            {
              "coindescs": [
                {
                  "desc": "[OnSucceedAttack]施加 1 [Sinking]<style=\"highlight\"></style>"
                },
                {
                  "desc": "<style=\"highlight\">[OnSucceedAttack] 混乱阈值前移 5% of 伤害量</style>"
                }
              ]
            },
            {
              "coindescs": [
                {
                  "desc": "[OnSucceedAttack]施加 1 [Sinking]<style=\"highlight\"></style>"
                },
                {
                  "desc": "<style=\"highlight\">[OnSucceedAttack] 混乱阈值前移 5% of 伤害量</style>"
                }
              ]
            },
            {
              "coindescs": [
                {
                  "desc": "[OnSucceedAttack]施加 1 [Sinking]<style=\"highlight\"></style>"
                },
                {
                  "desc": "<style=\"highlight\">[OnSucceedAttack] 混乱阈值前移 5% of 伤害量</style>"
                }
              ]
            },
            {
              "coindescs": [
                {
                  "desc": "[OnSucceedAttack]施加 +2 [Sinking]层数<style=\"highlight\"></style>"
                },
                {
                  "desc": "<style=\"highlight\">[OnSucceedAttack] 混乱阈值前移 10% of 伤害量</style>"
                }
              ]
            }
          ]
        },
        {
          "level": 4,
          "name": "精神鞭挞",
          "desc": "增加<style=\"highlight\">+4%</style> 伤害for every [Charge] (最多<style=\"highlight\">20%</style>)\n[WhenUse] At 5~9 [Charge]层数:\n-获得 <style=\"highlight\">10</style> [Sinking]与 raise this unit's [Charge]层数 to 10\n- This Skill获得s the following attributes: [CantIdentify], [WideAreaRampage],与 Atk Weight +1\n<style=\"highlight\">- [BeforeUse] At 5+ [Charge], this Skill does not获得 the [CantIdentify] effect</style>\n[WhenUse] Consume 10 [Charge]层数 to获得 硬币威力 <style=\"highlight\">+2</style>\n<style=\"highlight\">[BeforeAttack] At 8+ remaining [Charge]层数, consume 8 [Charge]层数 to 增加+40% damage</style>",
          "coinlist": [
            {
              "coindescs": [
                {
                  "desc": "[OnSucceedAttack]施加 1 [Sinking]<style=\"highlight\"></style>"
                },
                {
                  "desc": "[OnSucceedAttack] 混乱阈值前移 5% of 伤害量<style=\"highlight\"></style>"
                }
              ]
            },
            {
              "coindescs": [
                {
                  "desc": "[OnSucceedAttack]施加 1 [Sinking]<style=\"highlight\"></style>"
                },
                {
                  "desc": "[OnSucceedAttack] 混乱阈值前移 5% of 伤害量<style=\"highlight\"></style>"
                }
              ]
            },
            {
              "coindescs": [
                {
                  "desc": "[OnSucceedAttack]施加 1 [Sinking]<style=\"highlight\"></style>"
                },
                {
                  "desc": "[OnSucceedAttack] 混乱阈值前移 5% of 伤害量<style=\"highlight\"></style>"
                }
              ]
            },
            {
              "coindescs": [
                {
                  "desc": "[OnSucceedAttack]施加 +2 [Sinking]层数<style=\"highlight\"></style>"
                },
                {
                  "desc": "[OnSucceedAttack] 混乱阈值前移 10% of 伤害量<style=\"highlight\"></style>"
                }
              ]
            }
          ]
        }
      ]
    },
    {
      "id": 1061203,
      "levelList": [
        {
          "level": 3,
          "name": "心神凝聚",
          "desc": "硬币威力 +1 for every [Charge] (最多5)\nAt 10+ [Charge]层数, 最终威力+2\n[WhenUse]获得 +5 [Charge]层数",
          "coinlist": [
            {
              "coindescs": [
                {
                  "desc": "增加+(此技能的威力x 5)% 伤害(最多100%)"
                },
                {
                  "desc": "[OnSucceedAttack]获得 +([Charge] + 1) [Charge]层数 (最多6)"
                },
                {
                  "desc": "[OnSucceedAttack]施加 4 [Sinking]与 +2 [Sinking]层数"
                }
              ]
            }
          ]
        },
        {
          "level": 4,
          "name": "心神凝聚",
          "desc": "<style=\"highlight\">Base Power +1</style>与 硬币威力 +1 for every [Charge] <style=\"highlight\">(最多5 each)</style>\nAt 10+ [Charge]层数, 最终威力<style=\"highlight\">+4</style>\n[WhenUse]获得 <style=\"highlight\">+7</style> [Charge]层数",
          "coinlist": [
            {
              "coindescs": [
                {
                  "desc": "增加+(此技能的威力x 5)% 伤害(最多<style=\"highlight\">150%</style>)"
                },
                {
                  "desc": "<style=\"highlight\">At 3+ [Charge], 增加+20% 伤害for every [Charge] (最多100%)</style>"
                },
                {
                  "desc": "[OnSucceedAttack]获得 +([Charge] + <style=\"highlight\">3</style>) [Charge]层数 (最多<style=\"highlight\">8</style>)"
                },
                {
                  "desc": "[OnSucceedAttack]施加 4 [Sinking]与 <style=\"highlight\">+4</style> [Sinking]层数"
                }
              ]
            }
          ]
        }
      ]
    },
    {
      "id": 1061204,
      "levelList": [
        {
          "level": 1,
          "name": "能量凝聚",
          "desc": "[WhenUse] At 10+ [Charge]层数, 硬币威力 +2\n[WhenUse]获得 +3 [Charge]层数 (每回合一次)",
          "coinlist": [
            {}
          ]
        },
        {
          "level": 4,
          "name": "能量凝聚",
          "desc": "[WhenUse] At 10+ [Charge]层数, 硬币威力 <style=\"highlight\">+4</style>\n[WhenUse]获得 +3 [Charge]层数 (<style=\"highlight\">2 times</style> per turn)",
          "coinlist": [
            {}
          ]
        }
      ]
    }
  ]
}