{
  "dataList": [
    {
      "id": 0,
      "content": "午后的微光洒进了生活区。"
    },
    {
      "id": 1,
      "content": "孩子安静地坐着，等待指挥官的到来，而他的驯鹿同伴还在不停地唠叨着。"
    },
    {
      "id": 2,
      "model": "이스마엘",
      "title": "R公司 第四集团军 驯鹿",
      "content": "好像这次代理战争的合同如果成立，地点会在H公司那边。"
    },
    {
      "id": 3,
      "model": "이스마엘",
      "title": "R公司 第四集团军 驯鹿",
      "content": "我从那边拿来了一份宣传册……要不要看看，鸿璐？"
    },
    {
      "id": 4,
      "model": "홍루",
      "title": "R公司 第四集团军 驯鹿",
      "content": "嗯，我不用了。"
    },
    {
      "id": 5,
      "model": "이스마엘",
      "title": "R公司 第四集团军 驯鹿",
      "content": "我是说，H公司那地方真的是个迷宫，懂点也好， 就算只是随便翻翻，肯定也有帮助。"
    },
    {
      "id": 6,
      "model": "홍루",
      "title": "R公司 第四集团军 驯鹿",
      "content": "谢谢，不过真的不用了。 我对H公司已经有些了解了。"
    },
    {
      "id": 7,
      "model": "이스마엘",
      "title": "R公司 第四集团军 驯鹿",
      "content": "那至少翻一眼也——"
    },
    {
      "id": 8,
      "model": "홍루",
      "title": "R公司 第四集团军 驯鹿",
      "content": "我得说几遍你才听得懂？！"
    },
    {
      "id": 9,
      "model": "이스마엘",
      "title": "R公司 第四集团军 驯鹿",
      "content": "……"
    },
    {
      "id": 10,
      "content": "这声突如其来的怒吼从他的嘴里传出，确实令人意外。"
    },
    {
      "id": 11,
      "content": "平时的他，连对别人说重话都几乎不曾有过。"
    },
    {
      "id": 12,
      "content": "他曾以旁观者的视角看待世界，如同注视一块石头……"
    },
    {
      "id": 13,
      "content": "……但如今，他却成了芸芸众生中的异类。"
    },
    {
      "id": 14,
      "content": "他拒绝接受死亡，挣扎着活下来，踩着无数其他自己的尸体向上爬…… 这对于他来说，是极其罕见的可能性。"
    },
    {
      "id": 15,
      "model": "홍루",
      "title": "R公司 第四集团军 驯鹿",
      "content": "……抱歉，我还在等下一批药送来。"
    },
    {
      "id": 16,
      "content": "尽管如此，他还是带着他一贯的温和和礼貌道歉了。"
    },
    {
      "id": 17,
      "content": "他的本性驱使他保持礼貌，尽管那无尽的头痛让这一切变得极其困难。"
    },
    {
      "id": 18,
      "model": "이스마엘",
      "title": "R公司 第四集团军 驯鹿",
      "content": "嘿，没事，不用道歉什么的。"
    },
    {
      "id": 19,
      "model": "이스마엘",
      "title": "R公司 第四集团军 驯鹿",
      "content": "我们都懂的，没关系，别放在心上。"
    },
    {
      "id": 20,
      "model": "이스마엘",
      "title": "R公司 第四集团军 驯鹿",
      "content": "不管我们倒空多少瓶药……这该死的神经痛就是没完没了。"
    },
    {
      "id": 21,
      "content": "正当他准备微弱地点头回应这位驯鹿同伴的抱怨时……"
    },
    {
      "id": 22,
      "content": "……集团军的指挥官踏进了生活区。"
    },
    {
      "id": 23,
      "teller": "指挥官",
      "title": "R公司 第四集团军",
      "content": "哼。你看起来很糟糕——看来配药时漏掉你了。 我会在合同开始前确保你能拿到药。"
    },
    {
      "id": 24,
      "model": "홍루",
      "title": "R公司 第四集团军 驯鹿",
      "content": "哇哦~谢谢你，指挥官。"
    },
    {
      "id": 25,
      "teller": "指挥官",
      "title": "R公司 第四集团军",
      "content": "……你既然打算说这些好听话， 那至少别板着一张脸。"
    },
    {
      "id": 26,
      "teller": "指挥官",
      "title": "R公司 第四集团军",
      "content": "总之……就像我之前说的， 我们决定接受这份代理战争的合同。"
    },
    {
      "id": 27,
      "teller": "指挥官",
      "title": "R公司 第四集团军",
      "content": "考虑到任务风险，这次的报酬……相当微薄。"
    },
    {
      "id": 28,
      "model": "이스마엘",
      "title": "R公司 第四集团军 驯鹿",
      "content": "但如果没有L公司的定期资金援助， 第四集团军也就没有挑选战场的资格了。"
    },
    {
      "id": 29,
      "model": "홍루",
      "title": "R公司 第四集团军 驯鹿",
      "content": "而且你第一个来找我们……驯鹿队又是先锋对吧？"
    },
    {
      "id": 30,
      "teller": "指挥官",
      "title": "R公司 第四集团军",
      "content": "没错。驯鹿队将率先进入区域， 消灭所有人类抵抗力量。"
    },
    {
      "id": 31,
      "model": "이스마엘",
      "title": "R公司 第四集团军 驯鹿",
      "content": "我听说第二集团军的驯鹿队是第二个出场的。"
    },
    {
      "id": 32,
      "teller": "指挥官",
      "title": "R公司 第四集团军",
      "content": "这个嘛……你们和第二集团军的驯鹿唯一的共同点， 大概就是外表上的一致了。 他们有着不同的攻击策略，性格也完全不同……"
    },
    {
      "id": 33,
      "content": "一提到另一个集团军的驯鹿，指挥官就立刻转移了话题。"
    },
    {
      "id": 34,
      "content": "他没有说错——即便外表相似， 不同集团军之间的成员实质上已然完全不同。"
    },
    {
      "id": 35,
      "teller": "指挥官",
      "title": "R公司 第四集团军",
      "content": "你们清理完之后，犀牛队会进来摧毁所有设施。 然后是兔子队——他们会解决所有剩余的抵抗力量。"
    },
    {
      "id": 36,
      "model": "홍루",
      "title": "R公司 第四集团军 驯鹿",
      "content": "所以我们就直接进去，把他们统统点亮就行了吧。"
    },
    {
      "id": 37,
      "teller": "指挥官",
      "title": "R公司 第四集团军",
      "content": "好了，这次任务里你们就看着办吧。 我相信没人想被清除掉。"
    },
    {
      "id": 38,
      "content": "区域歼灭。"
    },
    {
      "id": 39,
      "content": "有人曾说，第四集团军是R公司的白象工程，问题多又代价高……"
    },
    {
      "id": 40,
      "content": "……但执行歼灭任务时，他们依旧是不二之选。"
    }
    {
      "id": 0,
      "content": "午后的微光洒进了生活区。"
    },
    {
      "id": 1,
      "content": "孩子安静地坐着，等待指挥官的到来，而他的驯鹿同伴还在不停地唠叨着。"
    },
    {
      "id": 2,
      "model": "이스마엘",
      "title": "R公司 第四集团军 驯鹿",
      "content": "好像这次代理战争的合同如果成立，地点会在H公司那边。"
    },
    {
      "id": 3,
      "model": "이스마엘",
      "title": "R公司 第四集团军 驯鹿",
      "content": "我从那边拿来了一份宣传册……要不要看看，鸿璐？"
    },
    {
      "id": 4,
      "model": "홍루",
      "title": "R公司 第四集团军 驯鹿",
      "content": "嗯，我不用了。"
    },
    {
      "id": 5,
      "model": "이스마엘",
      "title": "R公司 第四集团军 驯鹿",
      "content": "我是说，H公司那地方真的是个迷宫，懂点也好， 就算只是随便翻翻，肯定也有帮助。"
    },
    {
      "id": 6,
      "model": "홍루",
      "title": "R公司 第四集团军 驯鹿",
      "content": "谢谢，不过真的不用了。 我对H公司已经有些了解了。"
    },
    {
      "id": 7,
      "model": "이스마엘",
      "title": "R公司 第四集团军 驯鹿",
      "content": "那至少翻一眼也——"
    },
    {
      "id": 8,
      "model": "홍루",
      "title": "R公司 第四集团军 驯鹿",
      "content": "我得说几遍你才听得懂？！"
    },
    {
      "id": 9,
      "model": "이스마엘",
      "title": "R公司 第四集团军 驯鹿",
      "content": "……"
    },
    {
      "id": 10,
      "content": "这声突如其来的怒吼从他的嘴里传出，确实令人意外。"
    },
    {
      "id": 11,
      "content": "平时的他，连对别人说重话都几乎不曾有过。"
    },
    {
      "id": 12,
      "content": "他曾以旁观者的视角看待世界，如同注视一块石头……"
    },
    {
      "id": 13,
      "content": "……但如今，他却成了芸芸众生中的异类。"
    },
    {
      "id": 14,
      "content": "他拒绝接受死亡，挣扎着活下来，踩着无数其他自己的尸体向上爬…… 这对于他来说，是极其罕见的可能性。"
    },
    {
      "id": 15,
      "model": "홍루",
      "title": "R公司 第四集团军 驯鹿",
      "content": "……抱歉，我还在等下一批药送来。"
    },
    {
      "id": 16,
      "content": "尽管如此，他还是带着一贯的温和和礼貌道歉。"
    },
    {
      "id": 17,
      "content": "他的本性驱使他保持礼貌，尽管那无尽的头痛让这一切变得极其困难。"
    },
    {
      "id": 18,
      "model": "이스마엘",
      "title": "R公司 第四集团军 驯鹿",
      "content": "嘿，没事，不用道歉什么的。"
    },
    {
      "id": 19,
      "model": "이스마엘",
      "title": "R公司 第四集团军 驯鹿",
      "content": "我们都懂的，没关系，别放在心上。"
    },
    {
      "id": 20,
      "model": "이스마엘",
      "title": "R公司 第四集团军 驯鹿",
      "content": "不管我们吃空多少瓶药……这该死的神经痛就是没完没了。"
    },
    {
      "id": 21,
      "content": "正当他准备微弱地点头回应这位驯鹿同伴的抱怨时……"
    },
    {
      "id": 22,
      "content": "……集团军的指挥官踏进了生活区。"
    },
    {
      "id": 23,
      "teller": "指挥官",
      "title": "R公司 第四集团军",
      "content": "哼。你看起来很糟糕——看来配药时漏掉你了。 我会在合同开始前确保你能拿到药。"
    },
    {
      "id": 24,
      "model": "홍루",
      "title": "R公司 第四集团军 驯鹿",
      "content": "哇哦~谢谢你，指挥官。"
    },
    {
      "id": 25,
      "teller": "指挥官",
      "title": "R公司 第四集团军",
      "content": "……你既然打算说这些好听话， 那至少别板着一张脸。"
    },
    {
      "id": 26,
      "teller": "指挥官",
      "title": "R公司 第四集团军",
      "content": "总之……就像我之前说的， 我们决定接受这份代理战争的合同。"
    },
    {
      "id": 27,
      "teller": "指挥官",
      "title": "R公司 第四集团军",
      "content": "考虑到任务风险，这次的报酬……相当微薄。"
    },
    {
      "id": 28,
      "model": "이스마엘",
      "title": "R公司 第四集团军 驯鹿",
      "content": "但如果没有L公司的定期资金援助， 第四集团军也就没有挑选战场的资格了。"
    },
    {
      "id": 29,
      "model": "홍루",
      "title": "R公司 第四集团军 驯鹿",
      "content": "而且你第一个来找我们……驯鹿队又是先锋对吧？"
    },
    {
      "id": 30,
      "teller": "指挥官",
      "title": "R公司 第四集团军",
      "content": "没错。驯鹿队将率先进入区域， 消灭所有人类抵抗力量。"
    },
    {
      "id": 31,
      "model": "이스마엘",
      "title": "R公司 第四集团军 驯鹿",
      "content": "我听说第二集团军的驯鹿队是第二个出场的。"
    },
    {
      "id": 32,
      "teller": "指挥官",
      "title": "R公司 第四集团军",
      "content": "这个嘛……你们和第二集团军的驯鹿唯一的共同点， 大概就是外表上的一致了。 他们有着不同的攻击策略，性格也完全不同……"
    },
    {
      "id": 33,
      "content": "一提到另一个集团军的驯鹿，指挥官就立刻转移了话题。"
    },
    {
      "id": 34,
      "content": "他没有说错——即便外表相似， 不同集团军之间的成员实质上已然完全不同。"
    },
    {
      "id": 35,
      "teller": "指挥官",
      "title": "R公司 第四集团军",
      "content": "你们清理完之后，犀牛队会进来摧毁所有设施。 然后是兔子队——他们会解决所有剩余的抵抗力量。"
    },
    {
      "id": 36,
      "model": "홍루",
      "title": "R公司 第四集团军 驯鹿",
      "content": "所以我们就直接进去，把他们统统点亮就行了吧。"
    },
    {
      "id": 37,
      "teller": "指挥官",
      "title": "R公司 第四集团军",
      "content": "好了，这次任务里你们就看着办吧。 我相信没人想被清除。"
    },
    {
      "id": 38,
      "content": "区域歼灭。"
    },
    {
      "id": 39,
      "content": "有人曾说，第四集团军是R公司的白象工程，问题多又代价高……"
    },
    {
      "id": 40,
      "content": "……但执行歼灭任务时，他们依旧是不二之选。"
    }
    {
      "id": 41,
      "teller": "疯狂的后巷居民",
      "title": "第8区",
      "content": "呃呃呃……不，不要啊！求你了！"
    },
    {
      "id": 42,
      "teller": "疯狂的后巷居民",
      "title": "第8区",
      "content": "咕啊！啊啊啊！！！脑子……我的脑子……神经在撕裂！"
    },
    {
      "id": 43,
      "content": "每一道从他法杖中爆发的刺目光芒都令范围内几十人陷入疯狂， 他们跪倒在地，抱头哀嚎。"
    },
    {
      "id": 44,
      "content": "他们发出痛苦的悲鸣，满是绝望与怨恨， 却无法做出任何反抗。"
    },
    {
      "id": 45,
      "content": "但孩子并没有因此停下。 他通过法杖转化自己的脑波， 将光波扩散到每个角落。"
    },
    {
      "id": 46,
      "content": "他咬紧牙关，忍受着撕裂般的头痛， 将灭绝区内所有人引向疯狂。"
    },
    {
      "id": 47,
      "model": "홍루",
      "title": "R公司 第四集团军 驯鹿",
      "content": "犀牛队会把你们的家园夷为平地， 再用那沉重、无情的铁蹄碾碎残骸。"
    },
    {
      "id": 48,
      "model": "홍루",
      "title": "R公司 第四集团军 驯鹿",
      "content": "兔子队会把你们撕成碎片， 等他们动完手时，你们的遗体已经难以辨认。"
    },
    {
      "id": 49,
      "model": "홍루",
      "title": "R公司 第四集团军 驯鹿",
      "content": "如果你们的意识能提前离开， 是不是会……更轻松一点？"
    },
    {
      "id": 50,
      "model": "홍루",
      "title": "R公司 第四集团军 驯鹿",
      "content": "所以，请降服于这光芒之中吧。 让它带你们远离此地。"
    },
    {
      "id": 51,
      "content": "孩子相信自己是在为灭绝区内的人提供一个解脱， 让疯狂带走他们的意识， 是他能给予的最大仁慈。"
    },
    {
      "id": 52,
      "content": "对他们来说，被逼疯—— 远比被金属靴踩碎，或被子弹与刀片撕裂， 要少些痛苦与恐惧。"
    },
    {
      "id": 53,
      "content": "……至少，他是这样相信的。"
    },
    {
      "id": 54,
      "model": "홍루",
      "title": "R公司 第四集团军 驯鹿",
      "content": "呃……"
    },
    {
      "id": 55,
      "content": "但光芒的疯狂触须对这个孩子来说依然太过强烈，因为他依然保持着理智。"
    },
    {
      "id": 56,
      "content": "那孩子紧紧抱着头，表情因痛苦而扭曲，脑海中浮现着那些被疯狂驱使的受害者撕裂自己血肉的幻觉。"
    },
    {
      "id": 57,
      "content": "无休止的耳鸣，冰锥般的头痛扭曲刺痛着他的大脑....."
    },
    {
      "id": 58,
      "content": "疯狂的笑声从他的嘴角滑落，但这孩子似乎知道逃避的办法。"
    },
    {
      "id": 59,
      "model": "이스마엘",
      "title": "R公司 第四集团军 驯鹿",
      "content": "糟了，我觉得他们已经来了……喂，你不准备撤退吗？"
    },
    {
      "id": 60,
      "model": "홍루",
      "title": "R公司 第四集团军 驯鹿",
      "content": "你能闭嘴——这里太吵了。我们坐下来，就在这等着吧。"
    },
    {
      "id": 61,
      "content": "她看着他，就像在看一个疯子……"
    },
    {
      "id": 62,
      "content": "……但孩子知道，那片寂静即将到来，将他从这里带走。"
    },
    {
      "id": 63,
      "content": "那寂静是兔子和犀牛所带来的，不分敌我的毁灭之力。"
    },
    {
      "id": 64,
      "model": "이스마엘",
      "title": "R公司 第四集团军 驯鹿",
      "content": "……呼。我也不知道，或许我也会留下来吧。 只想好好睡一觉而已。"
    },
    {
      "id": 65,
      "model": "홍루",
      "title": "R公司 第四集团军 驯鹿",
      "content": "……"
    },
    {
      "id": 66,
      "content": "对这些驯鹿来说，死亡不过是廉价的事情， 他们已经经历过无数次的死亡与重生。"
    },
    {
      "id": 67,
      "content": "对他们而言，那更像是一次小憩， 是从无尽脑鸣中短暂的喘息。"
    },
    {
      "id": 68,
      "model": "히스클리프",
      "title": "R公司 第四集团军 兔子",
      "content": "我看到一片新鲜的草地啦！"
    },
    {
      "id": 69,
      "model": "뫼르소",
      "title": "R公司 第四集团军 犀牛",
      "content": "开始……装甲加压。"
    },
    {
      "id": 70,
      "content": "当毁灭的风暴降临之际， 孩子放下了法杖，闭上了眼睛。"
    },
    {
      "id": 71,
      "content": "很快，这个孩子将成为第四集团军灭绝作战中又一个牺牲者……"
    },
    {
      "id": 72,
      "content": "……而他将在安宁中再次睁开双眼， 在那片宁静的沉默中醒来。"
    }
  ]
}
