{
  "dataList": [
    {
      "id": "get_10612_1",
      "desc": "Identity Acquisition",
      "dlg": "哈……他们先派驯鹿队来？你好，请告诉兔子和犀牛快点，否则就没草吃了。"
    },
    {
      "id": "lobby_morning_10612_1",
      "desc": "Morning Greeting",
      "dlg": "睡觉根本没用。这个砰砰直跳的头痛无论我吃多少药都不会好……它会一直折磨我，直到我死为止。"
    },
    {
      "id": "lobby_noon_10612_1",
      "desc": "Afternoon Greeting",
      "dlg": "能吃上一顿好饭确实是个不错的主意~\n一旦这些歼灭作战开始，我们连吃饭的时间都不会有。\n就算我死了……也只会在孵化槽里醒来。\n那里唯一的食物，就是人类。"
    },
    {
      "id": "lobby_night_10612_1",
      "desc": "Evening Greeting",
      "dlg": "歼灭不会在夜晚来临时结束。必须杀光这片区域里的每一个人……这个法杖的光才会熄灭。"
    },
    {
      "id": "smalltalk_10612_1",
      "desc": "Chatter #1",
      "dlg": "听说我通过孵化槽获得的提升并不大。我的大多数克隆体……都已经做好接受死亡的准备了。\n我在思考，我和其他的我之间究竟有什么不同。这是个没有意义的问题，但我还是想知道答案。"
    },
    {
      "id": "smalltalk_10612_2",
      "desc": "Chatter #2",
      "dlg": "除了第一小队之外，各小队之间的战力差距其实不大~我们只是各自承担不同的职责罢了。\n若说在封锁歼灭区和全歼敌人方面，我们大概比第二、第三小队都要强。大概啦。"
    },
    {
      "id": "smalltalk_10612_3",
      "desc": "Chatter #3",
      "dlg": "我们和翼公司的员工、协会的收尾人之间的区别……大概在于我们对自己工作的态度吧。\n他们被某种东西束缚着，比如归属感，或者说更简单点，是个人利益。\n而我们呢，只要报酬足够，我们什么都愿意干。真的，<i>什么都干</i>。"
    },
    {
      "id": "smalltalk_10612_4",
      "desc": "Post-Uptie Chat 1",
      "dlg": "我曾以为只要顺应世界的潮流生活，就不会有什么难事。\n但在这里，就连顺从也会让鹿角在我头上生根发芽，拉扯着神经。\n这一切……真的太难熬了……"
    },
    {
      "id": "smalltalk_10612_5",
      "desc": "Post-Uptie Chat 2",
      "dlg": "我已经一再告诉你，执行任务时不要靠驯鹿太近。\n这个简单的道理就那么难懂吗……？哈啊。你是没头苍蝇吗？别再碍事了。"
    },
    {
      "id": "neglect_10612_1",
      "desc": "Idle",
      "dlg": "哈哈。我现在可以休息了吗？……谢谢你。"
    },
    {
      "id": "gacksung_10612_1",
      "desc": "Uptying",
      "dlg": "别紧张……别紧张……我要清空思绪才能忍过去——啊！滚开！"
    },
    {
      "id": "formation_10612_1",
      "desc": "Deployment",
      "dlg": "鸿路编号120，准备出击。"
    },
    {
      "id": "battleentry_10612_1",
      "desc": "Stage Entry",
      "dlg": "驯鹿抵达。进入歼灭区域。"
    },
    {
      "id": "battle_select_10612_1",
      "desc": "Viewed in Battle",
      "dlg": "你能安静点吗——呃！你为什么非要现在才把我叫上来？！"
    },
    {
      "id": "battle_endcommand_10612_1",
      "desc": "Commencing Attack",
      "dlg": "集中鹿角……脑波冲击。"
    },
    {
      "id": "battle_enemy_break_10612_1",
      "desc": "Enemy Stagger",
      "dlg": "拜托了……安静点……"
    },
    {
      "id": "battle_break_10612_1",
      "desc": "Staggered",
      "dlg": "<i>嘿嘿……哈哈哈……嘻嘻嘻嘻……</i>"
    },
    {
      "id": "battle_kill_10612_1",
      "desc": "Enemy Killed",
      "dlg": "……舒服多了。"
    },
    {
      "id": "battle_dead_10612_1",
      "desc": "Death",
      "dlg": "哈哈……那就再见啦。大部队……很快就会再次踏来。"
    },
    {
      "id": "choice_success_p_10612_2",
      "desc": "Check Passed",
      "dlg": "这样就够了吗？那……赶紧把合同签了吧。"
    },
    {
      "id": "choice_fail_n_10612_1",
      "desc": "Check Failed",
      "dlg": "呃……你就不能好好下个命令吗？"
    },
    {
      "id": "battle_clear_10612_1",
      "desc": "Victory Cry",
      "dlg": "我们损失了一些同伴，但……嘿，至少我们不会被清除~\n指挥官，我们回去迎接新的驯鹿吧？"
    },
    {
      "id": "battle_clear_ex_10612_1",
      "desc": "Extra Conditions Fulfilled",
      "dlg": "哈哈……哈哈……哈……呼。\n差点完蛋了。\n我还以为这次就算任务完成了，也会因为精神不稳被清除呢。"
    },
    {
      "id": "battle_defeat_10612_1",
      "desc": "Defeat Wail",
      "dlg": "咦？头不疼了……？而且……我回到了孵化槽……？\n看样子是“我”搞砸了任务啊。"
    }
  ]
}
